<?xml version="1.0" encoding="UTF-8"?>
<root>
  <item name="com.mapbox.directions.MapboxDirections.Builder com.mapbox.directions.MapboxDirections.Builder setGeometry(java.lang.String) 0">
    <annotation name="android.support.annotation.StringDef">
      <val name="value" val="{com.mapbox.directions.DirectionsCriteria.GEOMETRY_GEOJSON, com.mapbox.directions.DirectionsCriteria.GEOMETRY_POLYLINE, com.mapbox.directions.DirectionsCriteria.GEOMETRY_FALSE}" />
    </annotation>
  </item>
  <item name="com.mapbox.directions.MapboxDirections.Builder com.mapbox.directions.MapboxDirections.Builder setInstructions(java.lang.String) 0">
    <annotation name="android.support.annotation.StringDef">
      <val name="value" val="{com.mapbox.directions.DirectionsCriteria.INSTRUCTIONS_TEXT, com.mapbox.directions.DirectionsCriteria.INSTRUCTIONS_HTML}" />
    </annotation>
  </item>
  <item name="com.mapbox.directions.MapboxDirections.Builder com.mapbox.directions.MapboxDirections.Builder setProfile(java.lang.String) 0">
    <annotation name="android.support.annotation.StringDef">
      <val name="value" val="{com.mapbox.directions.DirectionsCriteria.PROFILE_DRIVING, com.mapbox.directions.DirectionsCriteria.PROFILE_WALKING, com.mapbox.directions.DirectionsCriteria.PROFILE_CYCLING}" />
    </annotation>
  </item>
</root>

